1,2,3,4,5,6,7,8,9,10,Name,MSE-NS-3,MSE-AM,Notes
29.6086,28.5158,29.6344,29.2375,28.8156,28.4111,28.0896,27.2663,27.4512,27.2415,ns-3,0.0,0.0,
0.0,0.0,0.0,0.0,0.0,0.0,0.0,0.0,0.0,0.0,Analytical model,0.0,0.0,
29.045739520000005,29.692359680000006,29.49876224,29.13723904,28.67844608,28.259809279999995,27.84635392000001,27.46975744,27.097164799999998,26.72527872000001,DCF-SimPy,2.26E-01,8.04E+02,
