1,2,3,4,5,6,7,8,9,10,Name,MSE-NS-3,MSE-AM,MSE-MS,Notes,MSE-NS3
0.0,0.1152,0.1804,0.2287,0.2677,0.2914,0.3233,0.3434,0.38066,0.3776,Ns-3,0.0,0.0,0.0,,
0.0,0.103,0.17600000000000002,0.23,0.268,0.301,0.328,0.353,0.368,0.382,Analytical model,0.0,0.0,0.0,,
0.0,0.117,0.19,0.24,0.276,0.305,0.328,0.34700000000000003,0.365,0.379,Matlab Simultion,0.0,0.0,0.0,,
0.0,0.11198,0.17464000000000002,0.2246,0.2718,0.30326,0.35514,0.36266,0.39426,0.41656000000000004,DCF-SimPy,,0.000285,0.000377,,0.000442

