N_OF_STATIONS,1,2,3,4,5,6,7,8,9,10,MSE
P_COLL,0.0,0.09822000000000004,0.1702,0.22382,0.26452,0.3019,0.32934,0.3579,0.38066,0.40108,0.0
P_COLL,0.0,0.0986,0.1679,0.2205,0.264,0.3016,0.3322,0.3584,0.3788,0.3988,3.3904799999999617e-06
P_COLL,0.0,0.0986,0.1679,0.2205,0.264,0.3016,0.3322,0.3584,0.3788,0.3988,3.3904799999999617e-06
P_COLL,0.0,0.0986,0.1679,0.2205,0.264,0.3016,0.3322,0.3584,0.3788,0.3988,3.390479999999962e-06
