1,2,3,4,5,6,7,8,9,10,Name,MSE-NS-3,MSE-AM,MSE-MS,Notes,MSE-NS3
0.0,0.1161,0.1773,0.2273,0.2661,0.2942,0.3195,0.3357,0.3601,0.3723,ns-3,0.0,0.0,0.0,,
0.0,0.10300000000000001,0.17600000000000002,0.23,0.268,0.301,0.32799999999999996,0.353,0.368,0.382,Analytical model,0.0,0.0,0.0,,
0.0,0.11699999999999999,0.19,0.24,0.276,0.305,0.32799999999999996,0.34700000000000003,0.365,0.379,Matlab simultion,0.0,0.0,0.0,,
0.0,0.1193,0.18652,0.28876,0.30454000000000003,0.35553,0.38269000000000003,0.4209500000000001,0.49163,0.47095,DCF-SimPy,0.00474,0.00389,0.00387,,
0.0,0.1193,0.18652,0.29440999999999995,0.29029,0.35791999999999996,0.38653000000000004,0.43923,0.44996,0.45717,DCF-SimPy,3.97E-03,3.15E-03,3.12E-03,,
